step,seller_id,buyer_id,p2p_energy,price,carbon_intensity,actual_carbon_responsibility,signed_carbon_responsibility,low_carbon_contribution,plotted_carbon_flow
0,25,4,1.1650778165959883,1.276278130710125,-0.4576464891433716,-0.533193772343979,-1.3487482439611709,1.3487482439611709,-0.533193772343979
0,27,4,0.2749326278396782,1.2853940203785896,-0.5346441864967346,-0.14699113115275425,-0.33944397064052895,0.33944397064052895,-0.14699113115275425
0,27,0,1.416195281367834,1.2853387892246246,-0.5346441864967346,-0.7571605741274198,-1.7484972710849036,1.7484972710849036,-0.7571605741274198
0,27,8,1.4156690270262458,1.2852900847792625,-0.5346441864967346,-0.756879215303071,-1.747847534221443,1.747847534221443,-0.756879215303071
0,27,1,0.8661462098661745,1.2852692753076553,-0.5346441864967346,-0.4630800357611308,-1.069382382667453,1.069382382667453,-0.4630800357611308
0,26,1,0.4013003383345348,1.2873770669102669,-0.42927491664886475,-0.17226816928971866,-0.45317840612389304,0.45317840612389304,-0.17226816928971866
0,26,15,1.0711316403165942,1.2872151508927345,-0.42927491664886475,-0.4598099456168678,-1.2096020938384837,1.2096020938384837,-0.4598099456168678
0,26,9,0.5235380422849865,1.2872027456760406,-0.42927491664886475,-0.2247417494643974,-0.5912183790638879,0.5912183790638879,-0.2247417494643974
0,26,2,0.9402870709685142,1.2871993035078049,-0.42927491664886475,-0.4036416540160141,-1.0618426036939739,1.0618426036939739,-0.4036416540160141
0,26,10,0.48477917521420333,1.2871971353888512,-0.42927491664886475,-0.20810354003318254,-0.5474489626831248,0.5474489626831248,-0.20810354003318254
0,20,10,0.3097480036397541,1.34547521173954,-0.347420871257782,-0.10761292129488198,-0.3244365238427098,0.3244365238427098,-0.10761292129488198
0,20,17,0.6312476332593837,1.3453326746821404,-0.347420871257782,-0.2193086027263879,-0.6611819460079565,0.6611819460079565,-0.2193086027263879
0,20,6,0.5407965742180281,1.3452957943081856,-0.347420871257782,-0.18788401698805107,-0.5664416189406707,0.5664416189406707,-0.18788401698805107
0,20,3,0.42326739046588635,1.3452430665493011,-0.347420871257782,-0.14705192557066604,-0.44333909889678647,0.44333909889678647,-0.14705192557066604
0,20,16,0.13463599600757714,1.3449684977531433,-0.347420871257782,-0.046775355035611706,-0.1410205522409157,0.1410205522409157,-0.046775355035611706
0,20,14,0.11902416315146525,1.3449391275644302,-0.347420871257782,-0.04135147846281045,-0.12466839266883611,0.12466839266883611,-0.04135147846281045
0,28,14,0.06398833227883927,1.347848653793335,-0.5370084643363953,-0.03436227605250647,-0.07915410864769395,0.07915410864769395,-0.03436227605250647
0,28,13,0.12319910422421065,1.3476125746965408,-0.5370084643363953,-0.06615896176706287,-0.15239833472401032,0.15239833472401032,-0.06615896176706287
0,28,7,0.0758588317660438,1.3473320826888084,-0.5370084643363953,-0.04073683475303614,-0.09383801698926679,0.09383801698926679,-0.04073683475303614
0,28,5,0.04242284494092807,1.3472635075449944,-0.5370084643363953,-0.022781426814508798,-0.052477418273158445,0.052477418273158445,-0.022781426814508798
1,25,4,1.447140145465123,1.2065127566456795,-0.6045852303504944,-0.8749195581954793,-1.8879176600210652,1.8879176600210652,-0.8749195581954793
1,27,4,0.622799734371253,1.2076653577387333,-0.6186069846153259,-0.38526826569862677,-0.8212280797585039,0.8212280797585039,-0.38526826569862677
1,27,1,1.4585779746382206,1.207611445337534,-0.6186069846153259,-0.9022865227172789,-1.9232911049640333,1.9232911049640333,-0.9022865227172789
1,28,1,0.16978547148347212,1.2587694190442562,-0.6239340305328369,-0.1059349335486008,-0.22478476358703128,0.22478476358703128,-0.1059349335486008
1,28,0,1.3028580748298446,1.2587341703474522,-0.6239340305328369,-0.8128974898408374,-1.7248981422217287,1.7248981422217287,-0.8128974898408374
1,21,0,0.14322169239745142,1.288495559245348,-0.5929210782051086,-0.0849191602786573,-0.1851743449568733,0.1851743449568733,-0.0849191602786573
1,21,8,1.5650968644824212,1.2884855456650257,-0.5929210782051086,-0.927978920384352,-2.023546725522047,2.023546725522047,-0.927978920384352
1,20,8,0.11037683777211682,1.2903404496610165,-0.48333004117012024,-0.053348441544624904,-0.1306122279851067,0.1306122279851067,-0.053348441544624904
1,20,2,1.6065832024057267,1.2902048863470554,-0.48333004117012024,-0.7765099253619835,-1.9011181670459922,1.9011181670459922,-0.7765099253619835
1,20,10,1.1087745237854876,1.290141250938177,-0.48333004117012024,-0.5359040362296201,-1.3120462028794615,1.3120462028794615,-0.5359040362296201
1,20,6,0.9069794252837713,1.2901092432439327,-0.48333004117012024,-0.4383704029628572,-1.073256000661497,1.073256000661497,-0.4383704029628572
1,22,6,0.1840050977987273,1.291094396263361,-0.3809739053249359,-0.07010114070807791,-0.19890470916718703,0.19890470916718703,-0.07010114070807791
1,22,9,0.6701025371637424,1.2910758666694164,-0.3809739053249359,-0.25529158055141893,-0.7243633565660386,0.7243633565660386,-0.25529158055141893
1,22,3,1.0061522369886577,1.29103596881032,-0.3809739053249359,-0.3833177470769894,-1.0876243129690497,1.0876243129690497,-0.3833177470769894
1,22,12,0.121131156770383,1.2903942503035069,-0.3809739053249359,-0.046147809851339865,-0.13093961959060796,0.13093961959060796,-0.046147809851339865
1,22,7,0.38274171497349213,1.2903401367366314,-0.3809739053249359,-0.1458146058842148,-0.41373380636565926,0.41373380636565926,-0.1458146058842148
1,22,5,0.10897514804293974,1.2900221608579159,-0.3809739053249359,-0.0415166877332818,-0.11779929136333962,0.11779929136333962,-0.0415166877332818
2,21,4,2.34019094119743,1.2012381870299578,-0.6604886054992676,-1.545669451353509,-3.1838031101917097,3.1838031101917097,-1.545669451353509
2,21,1,0.6102155576083277,1.2012372929602861,-0.6604886054992676,-0.40304042269868234,-0.8301913130245117,0.8301913130245117,-0.40304042269868234
2,25,1,1.3526553411264215,1.2033662181347609,-0.65507572889328,-0.8860916835297789,-1.832950422318274,1.832950422318274,-0.8860916835297789
2,25,0,0.23392611916122963,1.2032990958541632,-0.65507572889328,-0.15323932301671878,-0.3169876064295795,0.3169876064295795,-0.15323932301671878
2,20,0,1.6468207376820367,1.2415466867387295,-0.6201086640357971,-1.0212078075504536,-2.1739823239278793,2.1739823239278793,-1.0212078075504536
2,20,8,1.874042186993885,1.241469617933035,-0.6201086640357971,-1.1621097969235015,-2.4739393278192208,2.4739393278192208,-1.1621097969235015
2,26,8,0.28817352587377476,1.2555785737931728,-0.6550418734550476,-0.18876572626850405,-0.3904871943801464,0.3904871943801464,-0.18876572626850405
2,26,2,1.8936148937056576,1.255573857575655,-0.6550418734550476,-1.2403970475753348,-2.565927473169295,2.565927473169295,-1.2403970475753348
2,26,9,0.9282756856612908,1.255535077303648,-0.6550418734550476,-0.6080594442183408,-1.2578524241812443,1.2578524241812443,-0.6080594442183408
2,22,9,0.49979104699307975,1.2874293364584446,-0.4304681122303009,-0.21514410850871665,-0.5649978414038724,0.5649978414038724,-0.21514410850871665
2,22,6,1.4713522891937403,1.2873798497021198,-0.4304681122303009,-0.6333702423549611,-1.6633168447905793,1.6633168447905793,-0.6333702423549611
2,22,10,0.9841262832583706,1.2873363755643368,-0.4304681122303009,-0.4236349833504532,-1.1125233816313125,1.1125233816313125,-0.4236349833504532
2,22,3,1.1021488792722944,1.2873332910239697,-0.4304681122303009,-0.4744399474570864,-1.2459441629476924,1.2459441629476924,-0.4744399474570864
2,27,3,0.42211314322079874,1.3052508048713207,-0.6554950475692749,-0.2766930748951336,-0.5721722751496927,0.5721722751496927,-0.2766930748951336
2,27,7,0.7778410212833845,1.3047971539199352,-0.6554950475692749,-0.5098709372474854,-1.0543596521458547,1.0543596521458547,-0.5098709372474854
2,27,5,0.5473220541675772,1.3047040365636349,-0.6554950475692749,-0.3587668959322893,-0.7418923338495933,0.7418923338495933,-0.3587668959322893
3,19,1,2.353038663599262,1.2197464741766453,-0.691805362701416,-1.6278447661217426,-3.274971830641226,3.274971830641226,-1.6278447661217426
3,21,1,0.25196305945090813,1.2227257937192917,-0.6824970841407776,-0.1719640533864342,-0.34833819500206986,0.34833819500206986,-0.1719640533864342
3,21,0,2.3974478101214745,1.2227147966623306,-0.6824970841407776,-1.636251139787599,-3.314464606872631,3.314464606872631,-1.636251139787599
3,21,4,0.7615594228310298,1.222688913345337,-0.6824970841407776,-0.5197620854821113,-1.0528536814638323,1.0528536814638323,-0.5197620854821113
3,20,4,1.753402974192106,1.2415714971721172,-0.6655473709106445,-1.1669727396204608,-2.394354821554935,2.394354821554935,-1.1669727396204608
3,20,6,1.6735143042287715,1.2414894439280033,-0.6655473709106445,-1.1138030453608154,-2.285263058320955,2.285263058320955,-1.1138030453608154
3,15,6,0.2543896079625261,1.2605631686747074,-0.6918907761573792,-0.17600982329956358,-0.3540825488733318,0.3540825488733318,-0.17600982329956358
3,15,2,0.5736144006643444,1.2605567760765553,-0.6918907761573792,-0.39687851289070314,-0.7984085933557442,0.7984085933557442,-0.39687851289070314
3,22,2,1.5947340582607223,1.295704286545515,-0.4103204607963562,-0.6543520136331827,-1.7706658544156884,1.7706658544156884,-0.6543520136331827
3,22,3,1.6105771201889967,1.2956709377467632,-0.4103204607963562,-0.6608527461040175,-1.788256730236315,1.788256730236315,-0.6608527461040175
3,16,3,0.3525008307408932,1.301399152725935,-0.6319818496704102,-0.22277412702198587,-0.4695247085406111,0.4695247085406111,-0.22277412702198587
3,16,8,1.3742383507927232,1.301379706710577,-0.6319818496704102,-0.8684936948219991,-1.8304605403769052,1.8304605403769052,-0.8684936948219991
3,13,8,0.7049456552085986,1.3023498840630054,-0.6774486303329468,-0.4775644685802269,-0.9710264272262459,0.9710264272262459,-0.4775644685802269
3,13,9,0.256250850657918,1.3019783087074757,-0.6774486303329468,-0.17359678779985901,-0.3529723832604016,0.3529723832604016,-0.17359678779985901
3,25,9,0.060739418627210884,1.305388379842043,-0.6766806840896606,-0.04110119134786934,-0.08361878438691696,0.08361878438691696,-0.04110119134786934
3,25,7,0.9515306095006298,1.305281963199377,-0.6766806840896606,-0.643882383769138,-1.3099538104195787,1.3099538104195787,-0.643882383769138
3,25,5,0.45227642870337503,1.3052089177072048,-0.6766806840896606,-0.30604672317262843,-0.6226402232649909,0.6226402232649909,-0.30604672317262843
3,26,5,0.36257081006013603,1.311066135764122,-0.6781263947486877,-0.24586883626719128,-0.49966840330928647,0.49966840330928647,-0.24586883626719128
4,21,1,2.4776326300155347,1.1736290697008371,-0.6896100044250488,-1.7086002489486583,-3.4429430899595324,3.4429430899595324,-1.7086002489486583
4,21,0,0.02190689926267675,1.173589127138257,-0.6896100044250488,-0.015107216897473612,-0.030442046381347336,0.030442046381347336,-0.015107216897473612
4,13,0,2.387444476946018,1.2205366753041744,-0.6939001679420471,-1.656648123505155,-3.3278592573673675,3.3278592573673675,-1.656648123505155
4,13,4,0.03552073225154473,1.220516625791788,-0.6939001679420471,-0.024647842074771376,-0.049512354650852686,0.049512354650852686,-0.024647842074771376
4,19,4,2.42433876609253,1.226791251450777,-0.6963773965835571,-1.6882547183681094,-3.38529185463288,3.38529185463288,-1.6882547183681094
4,14,4,0.21566673372970557,1.2269135490059853,-0.6903738975524902,-0.14889068353739193,-0.2998573971481858,0.2998573971481858,-0.14889068353739193
4,14,2,1.8565000248107673,1.2268471419811249,-0.6903738975524902,-1.2816791579349043,-2.581229175302441,2.581229175302441,-1.2816791579349043
4,16,2,0.3564774765797827,1.253051072359085,-0.6733897924423218,-0.24004829396442248,-0.4895825275702703,0.4895825275702703,-0.24004829396442248
4,16,3,0.814043399867332,1.2530405223369598,-0.6733897924423218,-0.5481685160757046,-1.117998895982837,1.117998895982837,-0.5481685160757046
4,17,3,1.222645831350298,1.2543380074203014,-0.6909923553466797,-0.8448389227595416,-1.70069100470475,1.70069100470475,-0.8448389227595416
4,15,3,0.05700930418798622,1.2544496655464172,-0.6973187923431396,-0.039753659148689245,-0.07966017208027959,0.07966017208027959,-0.039753659148689245
4,15,6,1.0267883725928217,1.2542770206928253,-0.6973187923431396,-0.7159988279684042,-1.4347506887833794,1.4347506887833794,-0.7159988279684042
4,15,29,1.0604503622863952,1.2541955038905144,-0.6973187923431396,-0.739471965969394,-1.4817872195698707,1.4817872195698707,-0.739471965969394
4,15,8,0.2516714597501115,1.2540948316454887,-0.6973187923431396,-0.17549523838018283,-0.3516652602052609,0.3516652602052609,-0.17549523838018283
4,20,8,0.5261959136432923,1.2802672684192657,-0.6835439801216125,-0.35967804913546436,-0.728015188685769,0.728015188685769,-0.35967804913546436
4,20,5,1.1154040187346814,1.2802406921982765,-0.6835439801216125,-0.7624277024095458,-1.5432105155238227,1.5432105155238227,-0.7624277024095458
4,20,7,0.6919763385983234,1.280141830444336,-0.6835439801216125,-0.4729962606354786,-0.957379697654305,0.957379697654305,-0.4729962606354786
4,20,28,0.9202560000272818,1.279824748635292,-0.6835439801216125,-0.629035448989443,-1.2732146490085403,1.2732146490085403,-0.629035448989443
4,22,28,0.3041612836022828,1.2901930399239063,-0.5456730127334595,-0.16597260398013383,-0.37888550250173175,0.37888550250173175,-0.16597260398013383
5,17,29,0.8215074116986724,1.1942192036658525,-0.6956085562705994,-0.5714475846173104,-1.146502772806381,1.146502772806381,-0.5714475846173104
5,13,29,1.6107537358260995,1.2151910830289125,-0.6979360580444336,-1.124203112862813,-2.2517307279410823,2.2517307279410823,-1.124203112862813
5,13,4,1.2192110449397058,1.2151670772582293,-0.6979360580444336,-0.850931350629453,-1.704379082087247,1.704379082087247,-0.850931350629453
5,14,4,1.3309456891756781,1.2164733577519655,-0.6964372992515564,-0.9269202212200107,-1.8585822036429853,1.8585822036429853,-0.9269202212200107
5,14,1,1.6797159312528174,1.2164669651538134,-0.6964372992515564,-1.1698168266715252,-2.345617978548497,2.345617978548497,-1.1698168266715252
5,21,1,0.7602249713677596,1.2173214219510555,-0.6948094964027405,-0.5282115295088208,-1.0603690094662526,1.0603690094662526,-0.5282115295088208
5,21,2,1.9395374910034562,1.217209417372942,-0.6948094964027405,-1.347609067378346,-2.7052853110807655,2.7052853110807655,-1.347609067378346
5,19,2,0.2853319372772889,1.2181080132722855,-0.6982911825180054,-0.1992447758915114,-0.39897713198561363,0.39897713198561363,-0.1992447758915114
5,19,0,1.3458306044814716,1.2181018441915512,-0.6982911825180054,-0.9397816442722888,-1.8818630674093189,1.8818630674093189,-0.9397816442722888
5,15,0,0.49608485383707235,1.2351245284080505,-0.6988741159439087,-0.3467008636585471,-0.6939602613444977,0.6939602613444977,-0.3467008636585471
5,15,28,1.6612733137579863,1.2351207062602043,-0.6988741159439087,-1.1610209184938203,-2.3239122381244104,2.3239122381244104,-1.1610209184938203
5,16,28,1.0085194358655243,1.2444493398070335,-0.6909141540527344,-0.6968003528767696,-1.4027639579826365,1.4027639579826365,-0.6968003528767696
5,16,3,1.5270910097191548,1.244398444890976,-0.6909141540527344,-1.0550887931416457,-2.124052499945054,2.124052499945054,-1.0550887931416457
5,16,5,0.0074003953825485524,1.2435222119092941,-0.6909141540527344,-0.005113037915389295,-0.010293314683173281,0.010293314683173281,-0.005113037915389295
5,20,5,0.10261121941240785,1.3046987615525723,-0.6920992732048035,-0.07101715037798609,-0.14284500396667157,0.14284500396667157,-0.07101715037798609
5,20,27,0.42244258288133457,1.3036230616271496,-0.6920992732048035,-0.2923722045829316,-0.5880820125998658,0.5880820125998658,-0.2923722045829316
6,17,29,2.0139057556574347,1.2142700459808111,-0.6980732083320618,-1.4058536521301908,-2.815587681090395,2.815587681090395,-1.4058536521301908
6,15,29,2.16776446688839,1.2205894142389297,-0.6995704174041748,-1.5165038929350496,-3.0339390197569225,3.0339390197569225,-1.5165038929350496
6,15,28,1.2697097684307268,1.2204257771372795,-0.6995704174041748,-0.8882513926832417,-1.7770482305847504,1.7770482305847504,-0.8882513926832417
6,14,28,2.7631290661025307,1.229864425957203,-0.698555052280426,-1.9301977692288181,-3.8643881155005895,3.8643881155005895,-1.9301977692288181
6,14,4,0.6934262763306926,1.2297828420996666,-0.698555052280426,-0.48439642871480815,-0.969794822146293,0.969794822146293,-0.48439642871480815
6,13,4,0.38332127975847863,1.232545729726553,-0.6991816163063049,-0.2680111919461344,-0.5363360877770694,0.5363360877770694,-0.2680111919461344
6,13,26,1.1258960468299448,1.2325183264911175,-0.6991816163063049,-0.78720581781544,-1.5753330505964014,1.5753330505964014,-0.78720581781544
6,13,25,1.7388680616765981,1.232477892190218,-0.6991816163063049,-1.2157845819064554,-2.432992225080074,2.432992225080074,-1.2157845819064554
6,13,27,0.12114835542315916,1.2324647046625614,-0.6991816163063049,-0.08470470295761512,-0.16950855175382654,0.16950855175382654,-0.08470470295761512
6,19,27,2.2318344069392086,1.2502485886216164,-0.6992034912109375,-1.5605064091365868,-3.122790493994033,3.122790493994033,-1.5605064091365868
6,19,1,0.10185269262714325,1.2501736655831337,-0.6992034912109375,-0.07121575827413307,-0.14251264311313333,0.14251264311313333,-0.07121575827413307
6,8,1,0.43162956105022854,1.2754919864237309,-0.6991862654685974,-0.3017894608565593,-0.6039301535917192,0.6039301535917192,-0.3017894608565593
6,21,1,0.5589002418728083,1.279901996254921,-0.6966265439987183,-0.3893447439359022,-0.7805749132468679,0.7805749132468679,-0.3893447439359022
6,16,1,0.04336313390663127,1.2828683741390705,-0.6957206130027771,-0.030168626103243015,-0.0605228198378849,0.0605228198378849,-0.030168626103243015
6,16,0,1.2940641504776853,1.28281756862998,-0.6957206130027771,-0.9003071040352532,-1.8061520093696328,1.8061520093696328,-0.9003071040352532
6,16,2,0.004241727822018552,1.2821951173245907,-0.6957206130027771,-0.0029510574805256817,-0.005920266955938668,0.005920266955938668,-0.0029510574805256817
7,8,29,1.273003899505724,1.1905027572065592,-0.6996712684631348,-0.8906842531256869,-1.7817869827796937,1.7817869827796937,-0.8906842531256869
7,15,29,2.1506691733147223,1.2332285530865192,-0.6997877955436707,-1.505012039737638,-3.0104804610579436,3.0104804610579436,-1.505012039737638
7,14,29,0.5466402326894677,1.2550526149570942,-0.6993852853775024,-0.3823121351383477,-0.7649602980209751,0.7649602980209751,-0.3823121351383477
7,14,26,3.0023712433650123,1.2550398744642735,-0.6993852853775024,-2.099814268850046,-4.201474139205555,4.201474139205555,-2.099814268850046
7,13,26,0.1681935647801467,1.2613309286534786,-0.6996410489082336,-0.11767512208239678,-0.23541061742849945,0.23541061742849945,-0.11767512208239678
7,13,27,2.394366120169546,1.2612365148961544,-0.6996410489082336,-1.675196823785759,-3.351253107904441,3.351253107904441,-1.675196823785759
7,16,27,1.7108043681577536,1.2677722871303558,-0.6984332203865051,-1.19488260430372,-2.3924456620141474,2.3924456620141474,-1.19488260430372
7,16,25,0.17926571407347924,1.2677692249417305,-0.6984332203865051,-0.12520512998522654,-0.25069112983666203,0.25069112983666203,-0.12520512998522654
7,17,25,1.1499832996409907,1.2744507528841496,-0.6988874077796936,-0.8037088472760306,-1.608697157024724,1.608697157024724,-0.8037088472760306
7,19,25,1.0357249092801455,1.281260970979929,-0.6995769143104553,-0.7245692361086804,-1.4495766726047823,1.4495766726047823,-0.7245692361086804
7,9,25,0.89233799385422,1.3027670346200466,-0.6995463371276855,-0.6242317750805868,-1.2488683707785406,1.2488683707785406,-0.6242317750805868
7,9,28,0.24742466545647201,1.3027123622596264,-0.6995463371276855,-0.17308501843511798,-0.3462822842546484,0.3462822842546484,-0.17308501843511798
7,12,28,2.0664415041482793,1.3348793238401413,-0.6994969844818115,-1.4454696007597803,-2.8919786536635756,2.8919786536635756,-1.4454696007597803
7,7,28,0.025786476304918128,1.3496900349855423,-0.6999017000198364,-0.018047998603333427,-0.03609853201677612,0.03609853201677612,-0.018047998603333427
7,10,28,1.6281447588403357,1.351759359240532,-0.6998326182365417,-1.139428809447335,-2.2791301406355697,2.2791301406355697,-1.139428809447335
7,3,28,0.5992768916770759,1.3724407777190208,-0.6993139982223511,-0.41908271916095874,-0.8385765433349118,0.8385765433349118,-0.41908271916095874
7,3,24,0.17081402826335634,1.3721195608377457,-0.6993139982223511,-0.1194526410573134,-0.23902246084166284,0.23902246084166284,-0.1194526410573134
7,11,24,0.5106442092264846,1.3991076350212097,-0.6964401602745056,-0.3556331349169411,-0.7130840813754803,0.7130840813754803,-0.3556331349169411
7,11,23,0.08105514955330662,1.3990363106131554,-0.6964401602745056,-0.05645006134597888,-0.11318866603329351,0.11318866603329351,-0.05645006134597888
7,2,23,0.033478740199716334,1.4075579568743706,-0.6994253396987915,-0.023415879236874184,-0.04685099737667561,0.04685099737667561,-0.023415879236874184
7,6,23,0.4843035407154586,1.4171691834926605,-0.6995881795883179,-0.3388130324173045,-0.6778255109181255,0.6778255109181255,-0.3388130324173045
7,18,23,0.21285082195242838,1.4293153434991837,-0.6968843340873718,-0.1483324033162678,-0.2973279786829677,0.2973279786829677,-0.1483324033162678
7,18,22,0.22774503253894132,1.42910335958004,-0.6968843340873718,-0.15871194534260696,-0.31813346811986587,0.31813346811986587,-0.15871194534260696
8,8,26,1.7628992598192568,1.207775741815567,-0.699845552444458,-1.2337572063921338,-2.4677866882656136,2.4677866882656136,-1.2337572063921338
8,2,26,2.1233470990507173,1.2682375609874725,-0.6998742818832397,-1.4860760261369812,-2.972418995472483,2.972418995472483,-1.4860760261369812
8,2,29,0.2188558690593334,1.268216148018837,-0.6998742818832397,-0.1531715941938333,-0.3063707025353667,0.3063707025353667,-0.1531715941938333
8,6,29,1.6467231447522197,1.2829698957502842,-0.6998592019081116,-1.1524743458499043,-2.305180547176458,2.305180547176458,-1.1524743458499043
8,1,29,1.6143557954067072,1.2980957217514515,-0.6985341906547546,-1.1276827189732368,-2.257731775757932,2.257731775757932,-1.1276827189732368
8,3,29,0.2851310966827143,1.301364228129387,-0.6998066902160645,-0.19953664904720697,-0.39912841672510696,0.39912841672510696,-0.19953664904720697
8,3,25,1.858010395227249,1.301292523741722,-0.6998066902160645,-1.300248105071023,-2.6008553817300974,2.6008553817300974,-1.300248105071023
8,14,25,1.6941698574172916,1.3037758134305477,-0.6996850967407227,-1.185385400582234,-2.371304300774338,2.371304300774338,-1.185385400582234
8,7,25,0.6884940989206345,1.3100057244300842,-0.6999688148498535,-0.4819243984525943,-0.9638702676970384,0.9638702676970384,-0.4819243984525943
8,7,24,0.5102695796011574,1.3099530413746834,-0.6999688148498535,-0.3571727928873551,-0.7143614986081652,0.7143614986081652,-0.3571727928873551
8,15,24,1.6881042225222154,1.3120871409773827,-0.6998918652534485,-1.1814904130432957,-2.3631633688088463,2.3631633688088463,-1.1814904130432957
8,15,28,0.17434726543872836,1.3120754063129425,-0.6998918652534485,-0.12202423280974968,-0.24406731861685954,0.24406731861685954,-0.12202423280974968
8,12,28,1.867205077981995,1.3175543546676636,-0.6998038291931152,-1.3066772634606294,-2.613720818048026,2.613720818048026,-1.3066772634606294
8,13,28,0.9122479144515663,1.3180107548832893,-0.6998191475868225,-0.6384085578793517,-1.276982097995448,1.276982097995448,-0.6384085578793517
8,10,28,1.0740476070008702,1.3365658968687057,-0.6999220848083496,-0.751749640275468,-1.503582965176077,1.503582965176077,-0.751749640275468
8,5,28,0.5424398812517093,1.3447052836418152,-0.6998682022094727,-0.3796364244983536,-0.7593443413745501,0.7593443413745501,-0.3796364244983536
8,5,27,0.9562908099870107,1.3446684032678604,-0.6998682022094727,-0.6692775299750495,-1.338681096965957,1.338681096965957,-0.6692775299750495
8,9,27,1.2525489016245688,1.3465969115495682,-0.6998178958892822,-0.8765561368333373,-1.7533403679705353,1.7533403679705353,-0.8765561368333373
8,16,27,0.5731336074638185,1.411537192761898,-0.6991417407989502,-0.40070162803263626,-0.8018951532573092,0.8018951532573092,-0.40070162803263626
8,0,27,1.249268398141626,1.4124197959899902,-0.6959133744239807,-0.86938258651198,-1.743870465211118,1.743870465211118,-0.86938258651198
8,4,27,0.42324983378776704,1.4359563142061234,-0.6996936798095703,-0.2961452336817517,-0.5924201173331887,0.5924201173331887,-0.2961452336817517
8,4,20,0.33666882679346544,1.435905709862709,-0.6996936798095703,-0.23556505029629068,-0.4712332290517165,0.4712332290517165,-0.23556505029629068
8,11,20,0.4951010206426984,1.4611895754933357,-0.6987703442573547,-0.34596191063666604,-0.6925326250865549,0.6925326250865549,-0.34596191063666604
9,8,26,2.841953295709742,1.1893403325229883,-0.6999132633209229,-1.9891208054058573,-3.9784881124026765,3.9784881124026765,-1.9891208054058573
9,3,26,0.8218160985169005,1.2480500154197216,-0.6999289393424988,-0.5752128701695247,-1.150484139131355,1.150484139131355,-0.5752128701695247
9,3,29,2.34948383586767,1.248024556785822,-0.6999289393424988,-1.6444717292412037,-3.2891104143485728,3.2891104143485728,-1.6444717292412037
9,1,29,1.2844088777296432,1.2539777532219887,-0.6995551586151123,-0.8985148561868189,-1.7976010705975691,1.7976010705975691,-0.8985148561868189
9,1,20,2.609538707396835,1.253957748413086,-0.6995551586151123,-1.825516264365268,-3.6521933595430522,3.6521933595430522,-1.825516264365268
9,1,25,0.06759476787927543,1.2539573013782501,-0.6995551586151123,-0.04728626856533822,-0.09460260608083101,0.09460260608083101,-0.04728626856533822
9,2,25,3.9954519540818745,1.26250921189785,-0.699954628944397,-2.7966350899845445,-5.593451457841856,5.593451457841856,-2.7966350899845445
9,5,25,0.4725972218750232,1.2774627283215523,-0.6999518275260925,-0.3307952891351767,-0.6616133444476929,0.6616133444476929,-0.3307952891351767
9,5,21,1.2844894724907003,1.2774429693818092,-0.6999518275260925,-0.8990807537078923,-1.7982233844513824,1.7982233844513824,-0.8990807537078923
9,7,21,1.7143890205796108,1.2783185876905918,-0.699989914894104,-1.200055024610908,-2.4001273390166356,2.4001273390166356,-1.200055024610908
9,7,24,1.3646466003972788,1.2782576344907284,-0.699989914894104,-0.9552388576726195,-1.9104914779507147,1.9104914779507147,-0.9552388576726195
9,4,24,1.4711871499966998,1.282869827002287,-0.6998797655105591,-1.029654117561838,-2.059485122559528,2.059485122559528,-1.029654117561838
9,4,28,1.1230345552745835,1.2828671671450138,-0.6998797655105591,-0.7859891612058305,-1.5721133498980389,1.5721133498980389,-0.7859891612058305
9,6,28,3.1859547265385144,1.2845057398080826,-0.6999475359916687,-2.2300011606216437,-4.460169469198604,4.460169469198604,-2.2300011606216437
9,0,28,0.03746048549861758,1.2986421771347523,-0.6989405751228333,-0.026182653278784326,-0.05240499312781663,0.05240499312781663,-0.026182653278784326
9,0,27,2.962392393829793,1.2985560111701488,-0.6989405751228333,-2.0705362434829024,-4.144210919163758,4.144210919163758,-2.0705362434829024
9,9,27,0.759821122783261,1.3317648321390152,-0.6999146938323975,-0.5318099685202345,-1.0636847544685173,1.0636847544685173,-0.5318099685202345
9,14,27,0.3402969059575862,1.379639022052288,-0.6998525261878967,-0.23815764928834185,-0.47636548345865215,0.47636548345865215,-0.23815764928834185
9,14,22,0.3925647364963566,1.3796368539333344,-0.6998525261878967,-0.2747374225292612,-0.5495327380767108,0.5495327380767108,-0.2747374225292612
9,13,22,0.48892302302546325,1.4394385367631912,-0.6999152302742004,-0.34220467024722534,-0.6844507863650495,0.6844507863650495,-0.34220467024722534
9,10,22,0.07457902220813412,1.4456571489572525,-0.6999607086181641,-0.05220238523285535,-0.10440770077854923,0.10440770077854923,-0.05220238523285535
9,15,22,0.2107092226420887,1.4499298185110092,-0.6999366879463196,-0.14748311541584722,-0.29497957126530927,0.29497957126530927,-0.14748311541584722
9,11,22,0.21353741631205944,1.4846076965332031,-0.6995036602020264,-0.14937020430036946,-0.29884639571881105,0.29884639571881105,-0.14937020430036946
10,8,21,2.537859794845926,1.213042002171278,-0.6999413371086121,-1.7763529781986453,-3.5528548345907933,3.5528548345907933,-1.7763529781986453
10,3,21,1.6106664988728037,1.237668503075838,-0.6999744772911072,-1.1274254406387885,-2.254891989849751,2.254891989849751,-1.1274254406387885
10,3,26,2.8623893508134426,1.2376654408872128,-0.6999744772911072,-2.0035994896392713,-4.007272035208681,4.007272035208681,-2.0035994896392713
10,4,26,0.4901666349971445,1.240553766489029,-0.6999492645263672,-0.3430917756616156,-0.6862084201596167,0.6862084201596167,-0.3430917756616156
10,4,20,2.965502324124013,1.2405503243207932,-0.6999492645263672,-2.0757011707218354,-4.151552797608645,4.151552797608645,-2.0757011707218354
10,1,20,0.2949151314724938,1.2407337874174118,-0.6998410820960999,-0.20639372473622364,-0.4128343167669693,0.4128343167669693,-0.20639372473622364
10,1,25,4.250392990203459,1.240724377334118,-0.6998410820960999,-2.9745996295976664,-5.949874722740088,5.949874722740088,-2.9745996295976664
10,1,29,0.9018441317899848,1.2407021597027779,-0.6998410820960999,-0.6311475730739207,-1.26243846532691,1.26243846532691,-0.6311475730739207
10,2,29,2.618349130505281,1.2465689107775688,-0.6999818086624146,-1.832796760080747,-3.6656411514344436,3.6656411514344436,-1.832796760080747
10,2,16,1.474543635880892,1.246506728231907,-0.6999818086624146,-1.0321537211955596,-2.064334266312184,2.064334266312184,-1.0321537211955596
10,2,28,0.43523197179286033,1.2465033754706383,-0.6999818086624146,-0.30465446280327535,-0.6093168430582776,0.6093168430582776,-0.30465446280327535
10,0,28,3.7020246167660416,1.2604996338486671,-0.6996782422065735,-2.5902260764643277,-5.181643308200557,5.181643308200557,-2.5902260764643277
10,0,19,0.8695063944149313,1.260498270392418,-0.6996782422065735,-0.6083747056316147,-1.2170291817220666,1.2170291817220666,-0.6083747056316147
10,5,19,1.2328058547773364,1.2660851664841175,-0.6999829411506653,-0.8629430680947999,-1.7259071664389354,1.7259071664389354,-0.8629430680947999
10,5,27,1.8480221544054665,1.2660431005060673,-0.6999829411506653,-1.2935839829523272,-2.5871994910361535,2.5871994910361535,-1.2935839829523272
10,6,27,2.1433423737375654,1.2682310454547405,-0.6999747157096863,-1.5002854687254765,-3.0006251303417724,3.0006251303417724,-1.5002854687254765
10,6,24,0.7551859298447967,1.268207486718893,-0.6999747157096863,-0.5286110565510667,-1.0572412074424242,1.0572412074424242,-0.5286110565510667
10,7,24,1.8787118654932917,1.2711250483989716,-0.6999953389167786,-1.31508954901295,-2.6301878548582542,2.6301878548582542,-1.31508954901295
10,7,23,1.368975985785919,1.2710371389985085,-0.6999953389167786,-0.9582768091391454,-1.9165599991892885,1.9165599991892885,-0.9582768091391454
10,9,23,1.1168669432281702,1.4094471037387848,-0.6999610066413879,-0.7817633098664799,-1.5635701701261988,1.5635701701261988,-0.7817633098664799
10,9,22,0.701628333324116,1.4094429686665535,-0.6999610066413879,-0.4911124744816675,-0.9822523078085487,0.9822523078085487,-0.4911124744816675
10,10,22,0.11555953512190441,1.493779979646206,-0.6999828219413757,-0.08088968949686416,-0.16178136408219726,0.16178136408219726,-0.08088968949686416
11,8,16,1.8234393292617297,1.204398114234209,-0.699964702129364,-1.276343166957654,-2.5527506974408647,2.5527506974408647,-1.276343166957654
11,3,16,1.3786774043050751,1.2390723936259747,-0.6999891996383667,-0.9650592927990105,-1.930133475812563,1.930133475812563,-0.9650592927990105
11,3,19,3.36465360127848,1.2390399165451527,-0.6999891996383667,-2.3552211814192714,-4.710478702314207,4.710478702314207,-2.3552211814192714
11,3,25,0.2708720420767943,1.239012848585844,-0.6999891996383667,-0.1896075039377452,-0.37921793339150117,0.37921793339150117,-0.1896075039377452
11,1,25,3.699777456869237,1.2396562546491623,-0.699928879737854,-2.5895810906658516,-5.1794253104743175,5.1794253104743175,-2.5895810906658516
11,1,26,2.096363553482505,1.2396502196788788,-0.699928879737854,-1.4673053935122764,-2.93475988095003,2.93475988095003,-1.4673053935122764
11,4,26,1.0410697357193799,1.24242989346385,-0.6999749541282654,-0.7287227405044983,-1.4574715555080642,1.4574715555080642,-0.7287227405044983
11,4,20,2.953499842191906,1.242425087839365,-0.6999749541282654,-2.0673759165561183,-4.134825806090452,4.134825806090452,-2.0673759165561183
11,2,20,0.1248215173186793,1.2492953762412071,-0.6999918818473816,-0.08737404880294786,-0.17474911092602335,0.17474911092602335,-0.08737404880294786
11,2,21,4.040808193983586,1.2492939233779907,-0.6999918818473816,-2.8285329318908894,-5.657098667679399,5.657098667679399,-2.8285329318908894
11,2,29,0.8486458186825541,1.249272957444191,-0.6999918818473816,-0.5940451836415128,-1.1880972567193007,1.1880972567193007,-0.5940451836415128
11,0,29,2.385754402391075,1.251565519720316,-0.6998645663261414,-1.6697049701901123,-3.3397330518638646,3.3397330518638646,-1.6697049701901123
11,0,18,2.3696452312173677,1.25146958604455,-0.6998645663261414,-1.658430732092752,-3.3171823939449094,3.3171823939449094,-1.658430732092752
11,0,27,0.10920789571817746,1.2514530457556248,-0.6998645663261414,-0.07643073657619275,-0.15287626357891695,0.15287626357891695,-0.07643073657619275
11,7,27,3.351955845694154,1.2612886168062687,-0.6999979019165039,-2.346362059302668,-4.692731151288576,4.692731151288576,-2.346362059302668
11,5,27,0.4489081202292562,1.2646764926612377,-0.699992835521698,-0.31423246796799237,-0.6284681521284716,0.6284681521284716,-0.31423246796799237
11,5,28,3.045328325058216,1.2646661438047886,-0.699992835521698,-2.1317080093520437,-4.263437836892795,4.263437836892795,-2.1317080093520437
11,6,28,1.0813131326760268,1.2833715341985226,-0.6999870538711548,-0.7569051940540811,-1.5138243869272998,1.5138243869272998,-0.7569051940540811
11,6,17,1.5107444295502233,1.2833589501678944,-0.6999870538711548,-1.057501542393119,-2.1150226430782753,2.1150226430782753,-1.057501542393119
11,9,17,0.6088805210421973,1.4108039885759354,-0.699977457523346,-0.42620263905460737,-0.8524190037841455,0.8524190037841455,-0.42620263905460737
12,1,16,3.6016930322410743,1.2320021018385887,-0.6999661326408386,-2.52106314273724,-5.042248265305992,5.042248265305992,-2.52106314273724
12,1,25,2.002893116224721,1.231959342956543,-0.6999661326408386,-1.4019573486567758,-2.8039825300140806,2.8039825300140806,-1.4019573486567758
12,4,25,2.3221713465213303,1.2381649799644947,-0.6999859809875488,-1.6254873880159106,-3.251007330580842,3.251007330580842,-1.6254873880159106
12,4,19,1.1660178482587056,1.2381600849330425,-0.6999859809875488,-0.8161961473623609,-1.6324086411434546,1.6324086411434546,-0.8161961473623609
12,3,19,2.188122598886837,1.2401400916278362,-0.6999942660331726,-1.5316732725983895,-3.063359091819175,3.063359091819175,-1.5316732725983895
12,3,15,1.6621608073802836,1.2401274405419827,-0.6999942660331726,-1.1635030343912671,-2.3270155995574657,2.3270155995574657,-1.1635030343912671
12,8,15,1.9105889024580902,1.2402362488210201,-0.6999775767326355,-1.3373693900748798,-2.674781621795543,2.674781621795543,-1.3373693900748798
12,8,20,0.1342237145733045,1.2402223460376263,-0.6999775767326355,-0.09395359046707462,-0.18791019066838777,0.18791019066838777,-0.09395359046707462
12,2,20,3.2564786335084754,1.2479776851832867,-0.699996829032898,-2.2795247172693176,-4.55905976072525,4.55905976072525,-2.2795247172693176
12,2,26,3.05455808425105,1.247969750314951,-0.699996829032898,-2.1381809730725383,-4.276371632048273,4.276371632048273,-2.1381809730725383
12,0,26,0.08447098003771814,1.256808590143919,-0.6999413967132568,-0.05912473574933807,-0.11825442177574076,0.11825442177574076,-0.05912473574933807
12,0,13,2.3317111052835524,1.2567900381982327,-0.6999413967132568,-1.6320611277639816,-3.264258901462468,3.264258901462468,-1.6320611277639816
12,0,21,2.500928473799623,1.2567859701812267,-0.6999413967132568,-1.750503369031262,-3.501153300690998,3.501153300690998,-1.750503369031262
12,5,21,1.5401210627419917,1.2613687589764595,-0.699996292591095,-1.0780790340608513,-2.1561637779802454,2.1561637779802454,-1.0780790340608513
12,5,29,0.6128875430446592,1.2613463178277016,-0.699996292591095,-0.4290190079065266,-0.858040288037788,0.858040288037788,-0.4290190079065266
12,7,29,2.565808888276501,1.2892492152750492,-0.6999990344047546,-1.7960637442606875,-3.5921299660542383,3.5921299660542383,-1.7960637442606875
12,7,14,0.44524198270691917,1.2891753651201725,-0.6999990344047546,-0.3116689579713019,-0.6233383458661452,0.6233383458661452,-0.3116689579713019
12,6,14,1.469174172083698,1.348755843937397,-0.6999934911727905,-1.0284123578577617,-2.0568342783163502,2.0568342783163502,-1.0284123578577617
12,6,18,0.70986779891223,1.3487442657351494,-0.6999934911727905,-0.49690283883171626,-0.9938102980702772,0.9938102980702772,-0.49690283883171626
13,1,16,3.708426650077801,1.235719207674265,-0.6999842524528503,-2.5958402564309377,-5.191738911485398,5.191738911485398,-2.5958402564309377
13,1,10,1.4997269339436186,1.2357099540531635,-0.6999842524528503,-1.0497852367399292,-2.099594090500462,2.099594090500462,-1.0497852367399292
13,1,25,0.19849370845578407,1.2356994040310383,-0.6999842524528503,-0.13894247013001604,-0.27788806604906485,0.27788806604906485,-0.13894247013001604
13,3,25,3.742857036652987,1.2486954778432846,-0.6999973654747009,-2.619990065005537,-5.239989990662628,5.239989990662628,-2.619990065005537
13,3,19,0.08799189457370771,1.2486748471856117,-0.6999973654747009,-0.061594094384723026,-0.12318842058631842,0.12318842058631842,-0.061594094384723026
13,0,19,3.0821715111336436,1.2550124935805798,-0.6999757289886475,-2.1574452503738133,-4.314965308167364,4.314965308167364,-2.1574452503738133
13,0,15,1.7830066170880077,1.2550015188753605,-0.6999757289886475,-1.2480613565877603,-2.496165988549366,2.496165988549366,-1.2480613565877603
13,2,15,1.6450013451256047,1.2610317505896091,-0.6999982595443726,-1.151498078536075,-2.3029990201239983,2.3029990201239983,-1.151498078536075
13,2,14,2.9582609601726313,1.2610209323465824,-0.6999982595443726,-2.0707775233989065,-4.141560195519748,4.141560195519748,-2.0707775233989065
13,2,20,0.3617262086149613,1.2610102035105228,-0.6999982595443726,-0.25320771646205753,-0.5064160624925305,0.5064160624925305,-0.25320771646205753
13,4,20,2.601340533606078,1.2619585432112217,-0.6999919414520264,-1.8209174104967687,-3.6418557840210233,3.6418557840210233,-1.8209174104967687
13,7,20,0.06997965983679855,1.3187135830521584,-0.6999993920326233,-0.04898571934040877,-0.09797148122616775,0.09797148122616775,-0.04898571934040877
13,7,26,0.9777822688986613,1.3187108114361763,-0.6999993920326233,-0.6844469937693419,-1.3688945819984046,1.3688945819984046,-0.6844469937693419
13,5,26,1.2952744036634531,1.3626757711172104,-0.6999980807304382,-0.9066895965836801,-1.8133816791480972,1.8133816791480972,-0.9066895965836801
13,6,26,0.4441448102223022,1.4606518372893333,-0.6999955773353577,-0.3108994028520633,-0.6218007700076748,0.6218007700076748,-0.3108994028520633
14,1,10,2.13630943417502,1.2435752414166927,-0.6999912261962891,-1.4953978603628728,-2.990814464285387,2.990814464285387,-1.4953978603628728
14,1,9,2.0835813859500947,1.2435650490224361,-0.6999912261962891,-1.45848868923097,-2.9169956593960364,2.9169956593960364,-1.45848868923097
14,1,16,0.3097146307194505,1.2434624545276165,-0.6999912261962891,-0.216797524128239,-0.4335977656318543,0.4335977656318543,-0.216797524128239
14,0,16,2.6948471970350765,1.272158470004797,-0.6999870538711548,-1.8863581500855227,-3.772751188010076,3.772751188010076,-1.8863581500855227
14,0,25,0.8966183628855813,1.2721143700182438,-0.6999870538711548,-0.627621246283056,-1.255254100302963,1.255254100302963,-0.627621246283056
14,2,25,2.9685595426195337,1.2747394479811192,-0.6999989748001099,-2.0779886364667566,-4.15598031630043,4.15598031630043,-2.0779886364667566
14,2,19,0.4098246077931109,1.274718303233385,-0.6999989748001099,-0.2868768053030348,-0.5737540307582124,0.5737540307582124,-0.2868768053030348
14,3,19,2.4798877991094455,1.2962284125387669,-0.6999984383583069,-1.7359175866804304,-3.4718390460570423,3.4718390460570423,-1.7359175866804304
14,4,19,0.3442494928751785,1.30142480134964,-0.699994683265686,-0.2409728147295336,-0.4819474597421585,0.4819474597421585,-0.2409728147295336
14,4,20,1.1650542517217817,1.3014206886291504,-0.699994683265686,-0.8155317819213294,-1.6310697581265765,1.6310697581265765,-0.8155317819213294
14,5,20,0.7448694215132363,1.4710540920495987,-0.6999990344047546,-0.5214078758168936,-1.042816470876159,1.042816470876159,-0.5214078758168936
15,1,8,2.0917655325196254,1.2673064097762108,-0.6999943256378174,-1.4642240033285052,-2.928459876092243,2.928459876092243,-1.4642240033285052
15,1,10,0.31635380341858665,1.267248496413231,-0.6999943256378174,-0.2214458672869522,-0.44289352967996287,0.44289352967996287,-0.2214458672869522
15,0,10,1.5797531923824917,1.2800509594380856,-0.6999930143356323,-1.1058161990421584,-2.2116434337099027,2.2116434337099027,-1.1058161990421584
15,0,9,0.8166918463681123,1.2800469361245632,-0.6999930143356323,-0.5716785873225481,-1.1433628797802267,1.1433628797802267,-0.5716785873225481
15,2,9,1.1600011143166666,1.331864520907402,-0.6999993920326233,-0.8120000747788322,-1.6240008548004987,1.6240008548004987,-0.8120000747788322
15,2,6,0.5004616911111319,1.331764429807663,-0.6999993920326233,-0.35032287951341085,-0.7006460632912032,0.7006460632912032,-0.35032287951341085
15,3,6,0.6399826622225395,1.3977049738168716,-0.6999989151954651,-0.4479871692996834,-0.8959750328554611,0.8959750328554611,-0.4479871692996834
15,4,6,0.23582345003046568,1.438019223511219,-0.6999967694282532,-0.16507565317675107,-0.330152068198077,0.330152068198077,-0.16507565317675107
15,4,16,0.19383284245233257,1.4380025267601013,-0.6999967694282532,-0.13568236352572835,-0.27136535324236116,0.27136535324236116,-0.13568236352572835
16,0,8,0.8712595188596807,1.3993931338191032,-0.699995756149292,-0.6098779657064505,-1.2197596289082269,1.2197596289082269,-0.6098779657064505
16,1,8,0.9055011506139278,1.4438457190990448,-0.6999964118003845,-0.633847556310869,-1.2676983617406183,1.2676983617406183,-0.633847556310869
16,1,10,0.0407322728616375,1.443737581372261,-0.6999964118003845,-0.02851244484762043,-0.057025035850766674,0.057025035850766674,-0.02851244484762043
